{
  "$schema": "https://raw.githubusercontent.com/grafana/grafana/main/docs/sources/developers/plugins/plugin.schema.json",
  "routes": [
    {
      "path": "nodegraphds",
      "url": "{{ .jsonData.backendURL }}"
    }
  ],
  "type": "datasource",
  "name": "Kubearmor_datasource",
  "id": "accuknox-kubearmor-datasource",
  "metrics": true,
  "info": {
    "description": "Plugin for kubearmor",
    "author": {
      "name": "Accuknox"
    },
    "keywords": [
      "datasource"
    ],
    "logos": {
      "small": "img/logo.svg",
      "large": "img/logo.svg"
    },
    "links": [],
    "screenshots": [],
    "version": "1.0.0",
    "updated": "2024-04-15"
  },
  "dependencies": {
    "grafanaDependency": ">=10.3.3",
    "plugins": []
  }
}
